{
    "sun": {
        "name": "Sun",
        "massSolar": 1.0,
        "radiusAU": 0.004650,
        "rotationPeriodDays": 25.0,
        "axisTiltRad": 0.000000,
        "colorNorm": [
            1.000000,
            1.000000,
            0.000000
        ]
    },
    "planets": [
        {
            "name": "Mercury",
            "massSolar": 1.650000e-07,
            "distanceAU": 0.390000,
            "radiusAU": 0.000016,
            "rotationPeriodDays": 58.670000,
            "orbitalPeriodDays": 88.000000,
            "orbitInclinationRad": 0.122173,
            "axisTiltRad": 0.058989,
            "perihelionAU": 0.307487,
            "aphelionAU": 0.466600,
            "eccentricity": 0.206000,
            "orbitalVelocityAUperDay": 0.027436,
            "colorNorm": [
                0.784314,
                0.588235,
                0.392157
            ]
        },
        {
            "name": "Venus",
            "massSolar": 2.450000e-06,
            "distanceAU": 0.720000,
            "radiusAU": 0.000041,
            "rotationPeriodDays": -243.000000,
            "orbitalPeriodDays": 224.700000,
            "orbitInclinationRad": 0.059341,
            "axisTiltRad": 0.067361,
            "perihelionAU": 0.718691,
            "aphelionAU": 0.728172,
            "eccentricity": 0.007000,
            "orbitalVelocityAUperDay": 0.020234,
            "colorNorm": [
                0.823529,
                0.705882,
                0.549020
            ]
        },
        {
            "name": "Earth",
            "massSolar": 3.000000e-06,
            "distanceAU": 1.000000,
            "radiusAU": 0.000043,
            "rotationPeriodDays": 1.000000,
            "orbitalPeriodDays": 365.200000,
            "orbitInclinationRad": 0.000000,
            "axisTiltRad": 0.124866,
            "perihelionAU": 0.983235,
            "aphelionAU": 1.017184,
            "eccentricity": 0.017000,
            "orbitalVelocityAUperDay": 0.021725,
            "colorNorm": [
                0.392157,
                0.392157,
                1.000000
            ]
        },
        {
            "name": "Mars",
            "massSolar": 3.210000e-07,
            "distanceAU": 1.520000,
            "radiusAU": 0.000023,
            "rotationPeriodDays": 1.030000,
            "orbitalPeriodDays": 687.000000,
            "orbitInclinationRad": 0.032286,
            "axisTiltRad": 0.098696,
            "perihelionAU": 1.383652,
            "aphelionAU": 1.666739,
            "eccentricity": 0.094000,
            "orbitalVelocityAUperDay": 0.013928,
            "colorNorm": [
                1.000000,
                0.392157,
                0.196078
            ]
        },
        {
            "name": "Jupiter",
            "massSolar": 9.540000e-04,
            "distanceAU": 5.200000,
            "radiusAU": 0.000467,
            "rotationPeriodDays": 0.420000,
            "orbitalPeriodDays": 4331.000000,
            "orbitInclinationRad": 0.022689,
            "axisTiltRad": 0.106332,
            "perihelionAU": 4.951606,
            "aphelionAU": 5.459540,
            "eccentricity": 0.049000,
            "orbitalVelocityAUperDay": 0.007568,
            "colorNorm": [
                0.941176,
                0.784314,
                0.588235
            ]
        },
        {
            "name": "Saturn",
            "massSolar": 2.860000e-04,
            "distanceAU": 9.580000,
            "radiusAU": 0.000390,
            "rotationPeriodDays": 0.460000,
            "orbitalPeriodDays": 10747.000000,
            "orbitInclinationRad": 0.043468,
            "axisTiltRad": 0.096162,
            "perihelionAU": 9.078430,
            "aphelionAU": 10.072650,
            "eccentricity": 0.056500,
            "orbitalVelocityAUperDay": 0.005612,
            "colorNorm": [
                0.862745,
                0.862745,
                0.588235
            ]
        },
        {
            "name": "Uranus",
            "massSolar": 4.370000e-05,
            "distanceAU": 19.220000,
            "radiusAU": 0.000170,
            "rotationPeriodDays": 0.710000,
            "orbitalPeriodDays": 30589.000000,
            "orbitInclinationRad": 0.013433,
            "axisTiltRad": 0.113029,
            "perihelionAU": 18.283389,
            "aphelionAU": 20.072658,
            "eccentricity": 0.047000,
            "orbitalVelocityAUperDay": 0.003928,
            "colorNorm": [
                0.588235,
                0.784314,
                1.000000
            ]
        },
        {
            "name": "Neptune",
            "massSolar": 5.150000e-05,
            "distanceAU": 30.070000,
            "radiusAU": 0.000165,
            "rotationPeriodDays": 0.670000,
            "orbitalPeriodDays": 59800.000000,
            "orbitInclinationRad": 0.030894,
            "axisTiltRad": 0.112198,
            "perihelionAU": 29.872461,
            "aphelionAU": 30.500601,
            "eccentricity": 0.010000,
            "orbitalVelocityAUperDay": 0.003122,
            "colorNorm": [
                0.392157,
                0.588235,
                1.000000
            ]
        }
    ],
    "moons": [
        {
            "planetName": "Earth",
            "moonName": "Moon",
            "radiusRatio": 0.270000,
            "orbitFactor": 60.400000,
            "orbitDistanceAU": 0.001174,
            "rotationPeriodDays": 27.300000,
            "orbitInclinationRad": 0.089743,
            "eccentricity": 0.054900,
            "argumentPeriapsisRad": 0.000000,
            "alignWithPlanetAxis": false,
            "perihelionAU": 0.002427,
            "aphelionAU": 0.002714,
            "orbitalPeriodDays": 27.300000,
            "orbitalVelocityAUperDay": 0.000579,
            "colorNorm": [
                0.784314,
                0.784314,
                0.784314
            ]
        },
        {
            "planetName": "Mars",
            "moonName": "Phobos",
            "radiusRatio": 0.015000,
            "orbitFactor": 2.770000,
            "orbitDistanceAU": 0.000061,
            "rotationPeriodDays": 0.319000,
            "orbitInclinationRad": 0.018849,
            "eccentricity": 0.015100,
            "argumentPeriapsisRad": 0.000000,
            "alignWithPlanetAxis": true,
            "perihelionAU": 0.000062,
            "aphelionAU": 0.000064,
            "orbitalPeriodDays": 0.319000,
            "orbitalVelocityAUperDay": 0.001236,
            "colorNorm": [
                0.784314,
                0.784314,
                0.784314
            ]
        },
        {
            "planetName": "Mars",
            "moonName": "Deimos",
            "radiusRatio": 0.010000,
            "orbitFactor": 6.920000,
            "orbitDistanceAU": 0.000160,
            "rotationPeriodDays": 1.263000,
            "orbitInclinationRad": 0.031263,
            "eccentricity": 0.000500,
            "argumentPeriapsisRad": 0.000000,
            "alignWithPlanetAxis": true,
            "perihelionAU": 0.000157,
            "aphelionAU": 0.000157,
            "orbitalPeriodDays": 1.263000,
            "orbitalVelocityAUperDay": 0.000783,
            "colorNorm": [
                0.784314,
                0.784314,
                0.784314
            ]
        },
        {
            "planetName": "Jupiter",
            "moonName": "Io",
            "radiusRatio": 0.026100,
            "orbitFactor": 6.040000,
            "orbitDistanceAU": 0.000318,
            "rotationPeriodDays": 1.769000,
            "orbitInclinationRad": 0.000698,
            "eccentricity": 0.004000,
            "argumentPeriapsisRad": 0.000000,
            "alignWithPlanetAxis": true,
            "perihelionAU": 0.002819,
            "aphelionAU": 0.002822,
            "orbitalPeriodDays": 1.769000,
            "orbitalVelocityAUperDay": 0.010001,