{
    "sun": {
        "name": "Sun",
        "massSolar": 1.0,
        "radiusAU": 0.004650,
        "rotationPeriodDays": 25.0,
        "axisTiltRad": 0.000000,
        "colorNorm": [
            1.000000,
            1.000000,
            0.000000
        ]
    },
    "planets": [
        {
            "name": "Mercury",
            "massSolar": 1.650000e-07,
            "radiusAU": 0.000016,
            "rotationPeriodDays": 58.67,
            "orbitalPeriodDays": 88.0,
            "longitudeAscendingNodeRad": 0.843547,
            "orbitInclinationRad": 0.122580,
            "argumentOfPeriapsisRad": 0.508323,
            "semiMajorAxisAU": 0.38709893,
            "meanAnomalyRad": 3.0507376195,
            "perihelionAU": 0.307487,
            "aphelionAU": 0.466600,
            "eccentricity": 0.206000,
            "axisTiltRad": 0.058989,
            "colorNorm": [
                0.784314,
                0.588235,
                0.392157
            ]
        },
        {
            "name": "Venus",
            "massSolar": 2.450000e-06,
            "radiusAU": 0.000041,
            "rotationPeriodDays": -243.0,
            "orbitalPeriodDays": 224.7,
            "longitudeAscendingNodeRad": 1.338331,
            "orbitInclinationRad": 0.059249,
            "argumentOfPeriapsisRad": 0.957353,
            "semiMajorAxisAU": 0.72333199,
            "meanAnomalyRad": 0.8804618844,
            "perihelionAU": 0.718691,
            "aphelionAU": 0.728172,
            "eccentricity": 0.007000,
            "axisTiltRad": 0.067361,
            "colorNorm": [
                0.823529,
                0.705882,
                0.549020
            ]
        },
        {
            "name": "Earth",
            "massSolar": 3.000000e-06,
            "radiusAU": 0.000043,
            "rotationPeriodDays": 1.0,
            "orbitalPeriodDays": 365.25,
            "longitudeAscendingNodeRad": 6.086650,
            "orbitInclinationRad": 0.000001,
            "argumentOfPeriapsisRad": 1.993303,
            "semiMajorAxisAU": 1.00000011,
            "meanAnomalyRad": 6.2398515744,
            "perihelionAU": 0.983235,
            "aphelionAU": 1.017184,
            "eccentricity": 0.016710,
            "axisTiltRad": 0.124866,
            "colorNorm": [
                0.392157,
                0.392157,
                1.000000
            ]
        },
        {
            "name": "Mars",
            "massSolar": 3.210000e-07,
            "radiusAU": 0.000023,
            "rotationPeriodDays": 1.03,
            "orbitalPeriodDays": 687.0,
            "longitudeAscendingNodeRad": 0.865309,
            "orbitInclinationRad": 0.032299,
            "argumentOfPeriapsisRad": 4.999710,
            "semiMajorAxisAU": 1.52366231,
            "meanAnomalyRad": 0.3388116920,
            "perihelionAU": 1.383652,
            "aphelionAU": 1.666739,
            "eccentricity": 0.094000,
            "axisTiltRad": 0.098696,
            "colorNorm": [
                1.000000,
                0.392157,
                0.196078
            ]
        },
        {
            "name": "Jupiter",
            "massSolar": 9.540000e-04,
            "radiusAU": 0.000467,
            "rotationPeriodDays": 0.42,
            "orbitalPeriodDays": 4331.0,
            "longitudeAscendingNodeRad": 1.755036,
            "orbitInclinationRad": 0.022782,
            "argumentOfPeriapsisRad": 4.785653,
            "semiMajorAxisAU": 5.20336301,
            "meanAnomalyRad": 0.3429664483,
            "perihelionAU": 4.951606,
            "aphelionAU": 5.459540,
            "eccentricity": 0.049000,
            "axisTiltRad": 0.106332,
            "colorNorm": [
                0.941176,
                0.784314,
                0.588235
            ]
        },
        {
            "name": "Saturn",
            "massSolar": 2.860000e-04,
            "radiusAU": 0.000390,
            "rotationPeriodDays": 0.46,
            "orbitalPeriodDays": 10747.0,
            "longitudeAscendingNodeRad": 1.984702,
            "orbitInclinationRad": 0.043362,
            "argumentOfPeriapsisRad": 5.911725,
            "semiMajorAxisAU": 9.53707032,
            "meanAnomalyRad": 5.5416364468,
            "perihelionAU": 9.04808,
            "aphelionAU": 10.08675,
            "eccentricity": 0.05415,
            "axisTiltRad": 0.096162,
            "colorNorm": [
                0.862745,
                0.862745,
                0.588235
            ]
        },
        {
            "name": "Uranus",
            "massSolar": 4.370000e-05,
            "radiusAU": 0.000170,
            "rotationPeriodDays": 0.71,
            "orbitalPeriodDays": 30589.0,
            "longitudeAscendingNodeRad": 1.295556,
            "orbitInclinationRad": 0.013437,
            "argumentOfPeriapsisRad": 1.688333,
            "semiMajorAxisAU": 9.53707032,
            "meanAnomalyRad": 5.5416364468,
            "perihelionAU": 18.283389,
            "aphelionAU": 20.072658,
            "eccentricity": 0.047000,
            "axisTiltRad": 0.113029,
            "colorNorm": [
                0.588235,
                0.784314,
                1.000000
            ]
        },
        {
            "name": "Neptune",
            "massSolar": 5.150000e-05,
            "radiusAU": 0.000165,
            "rotationPeriodDays": 0.67,
            "orbitalPeriodDays": 59800.0,
            "longitudeAscendingNodeRad": 2.298977,
            "orbitInclinationRad": 0.030878,
            "argumentOfPeriapsisRad": 4.769106,
            "semiMajorAxisAU": 30.06896348,
            "meanAnomalyRad": 4.5362622205,
            "perihelionAU": 29.810795,
            "aphelionAU": 30.327132,
            "eccentricity": 0.008586,
            "axisTiltRad": 0.112198,
            "colorNorm": [
                0.392157,
                0.588235,
                1.000000
            ]
        }
    ],
    "moons": [
        {
            "planetName": "Earth",
            "moonName": "Moon",
            "massSolar": 3.693e-8,
            "radiusAU": 0.00001161,
            "moonSizeRatio": 0.2725,
            "rotationPeriodDays": 27.321661,
            "semiMajorAxisAU": 0.00257056,
            "eccentricity": 0.054900,
            "orbitInclinationRad": 0.089797,
            "longitudeAscendingNodeRad": 2.182437,
            "argumentOfPeriapsisRad": 5.554517,
            "meanAnomalyRad": 2.014323,
            "orbitalPeriodDays": 27.321661,
            "perihelionAU": 0.00242577,
            "aphelionAU": 0.00271534,
            "alignWithPlanetAxis": false,
            "colorNorm": [
                0.78,
                0.78,
                0.78
            ]
        },
        {
            "planetName": "Mars",
            "moonName": "Phobos",
            "massSolar": 5.316e-15,
            "radiusAU": 0.000000345,
            "moonSizeRatio": 0.01498,
            "rotationPeriodDays": 0.318910,
            "semiMajorAxisAU": 0.00006293,
            "eccentricity": 0.015100,
            "orbitInclinationRad": 0.018849,
            "longitudeAscendingNodeRad": 0.857237,
            "argumentOfPeriapsisRad": 2.617994,
            "meanAnomalyRad": 3.096991,
            "orbitalPeriodDays": 0.318910,
            "perihelionAU": 0.00006197,
            "aphelionAU": 0.00006388,
            "alignWithPlanetAxis": false,
            "colorNorm": [
                0.78,
                0.78,
                0.78
            ]
        },
        {
            "planetName": "Mars",
            "moonName": "Deimos",
            "massSolar": 7.408e-16,
            "radiusAU": 0.000000230,
            "moonSizeRatio": 0.00998,
            "rotationPeriodDays": 1.262444,
            "semiMajorAxisAU": 0.00015655,
            "eccentricity": 0.000500,
            "orbitInclinationRad": 0.031263,
            "longitudeAscendingNodeRad": 1.383300,
            "argumentOfPeriapsisRad": 4.551352,
            "meanAnomalyRad": 5.540543,